Workbook

Sheet DAILY DASHBOARD
B2: AHAMOVE — DAILY OPS REPORT | K2: =TEXT(TODAY(),"DD/MM/YYYY")
B3: Driver Management | Bike Instant Segment | HCM HAN DAN
B5: TODAY'S KPI SNAPSHOT
B6: ORDERS COMPLETED | F6: ACCEPTANCE RATE | J6: FULFILLMENT RATE | N6: DRIVERS ONLINE
B7: ='INPUT DATA'!B35 | F7: ='INPUT DATA'!C35 | J7: ='INPUT DATA'!D35 | N7: ='INPUT DATA'!E35
B8: ="vs D-1: "&TEXT('INPUT DATA'!B35-'INPUT DATA'!B34,"#,##0") | F8: "Target: 85.0%" | J8: "Target: 95.0%" | N8: "Peak Hour Avg"
B10: CPO (VND) | F10: INCENTIVE SPEND (K VND) | J10: NEW DRIVERS | N10: SLA BREACH RATE
B11: ='INPUT DATA'!F35 | F11: =IFERROR('INPUT DATA'!G35/1000,0) | J11: ='INPUT DATA'!H35 | N11: ='INPUT DATA'!I35
B12: "vs Budget" | F12: "Daily Spend" | J12: "Daily Registration" | N12: "Target: < 5.0%"
B14: 7-DAY TREND
B15: Date | C15: Orders | D15: AR % | E15: FR % | F15: Drivers Online | G15: CPO (VND) | H15: Incentive (K) | I15: New Drivers | J15: SLA Breach % | K15: Churn %
B16: ='INPUT DATA'!A29 | C16: ='INPUT DATA'!B29 | D16: ='INPUT DATA'!C29 | E16: ='INPUT DATA'!D29 | F16: ='INPUT DATA'!E29 | G16: ='INPUT DATA'!F29 | H16: =IFERROR('INPUT DATA'!G29/1000,0) | I16: ='INPUT DATA'!H29 | J16: ='INPUT DATA'!I29 | K16: ='INPUT DATA'!J29
B17: ='INPUT DATA'!A30 | C17: ='INPUT DATA'!B30 | D17: ='INPUT DATA'!C30 | E17: ='INPUT DATA'!D30 | F17: ='INPUT DATA'!E30 | G17: ='INPUT DATA'!F30 | H17: =IFERROR('INPUT DATA'!G30/1000,0) | I17: ='INPUT DATA'!H30 | J17: ='INPUT DATA'!I30 | K17: ='INPUT DATA'!J30
B18: ='INPUT DATA'!A31 | C18: ='INPUT DATA'!B31 | D18: ='INPUT DATA'!C31 | E18: ='INPUT DATA'!D31 | F18: ='INPUT DATA'!E31 | G18: ='INPUT DATA'!F31 | H18: =IFERROR('INPUT DATA'!G31/1000,0) | I18: ='INPUT DATA'!H31 | J18: ='INPUT DATA'!I31 | K18: ='INPUT DATA'!J31
B19: ='INPUT DATA'!A32 | C19: ='INPUT DATA'!B32 | D19: ='INPUT DATA'!C32 | E19: ='INPUT DATA'!D32 | F19: ='INPUT DATA'!E32 | G19: ='INPUT DATA'!F32 | H19: =IFERROR('INPUT DATA'!G32/1000,0) | I19: ='INPUT DATA'!H32 | J19: ='INPUT DATA'!I32 | K19: ='INPUT DATA'!J32
B20: ='INPUT DATA'!A33 | C20: ='INPUT DATA'!B33 | D20: ='INPUT DATA'!C33 | E20: ='INPUT DATA'!D33 | F20: ='INPUT DATA'!E33 | G20: ='INPUT DATA'!F33 | H20: =IFERROR('INPUT DATA'!G33/1000,0) | I20: ='INPUT DATA'!H33 | J20: ='INPUT DATA'!I33 | K20: ='INPUT DATA'!J33
B21: ='INPUT DATA'!A34 | C21: ='INPUT DATA'!B34 | D21: ='INPUT DATA'!C34 | E21: ='INPUT DATA'!D34 | F21: ='INPUT DATA'!E34 | G21: ='INPUT DATA'!F34 | H21: =IFERROR('INPUT DATA'!G34/1000,0) | I21: ='INPUT DATA'!H34 | J21: ='INPUT DATA'!I34 | K21: ='INPUT DATA'!J34
B22: ='INPUT DATA'!A35 | C22: ='INPUT DATA'!B35 | D22: ='INPUT DATA'!C35 | E22: ='INPUT DATA'!D35 | F22: ='INPUT DATA'!E35 | G22: ='INPUT DATA'!F35 | H22: =IFERROR('INPUT DATA'!G35/1000,0) | I22: ='INPUT DATA'!H35 | J22: ='INPUT DATA'!I35 | K22: ='INPUT DATA'!J35
B24: MONTH-TO-DATE SUMMARY
B25: Metric | C25: MTD Actual | D25: MTD Target | E25: Achievement % | H25: Metric | I25: MTD Actual | J25: MTD Target | K25: Achievement %
B26: Total Orders | C26: ='MTD SUMMARY'!B3 | D26: ='MTD SUMMARY'!C3 | E26: ='MTD SUMMARY'!D3 | H26: Avg CPO | I26: ='MTD SUMMARY'!B7 | J26: ='MTD SUMMARY'!C7 | K26: ='MTD SUMMARY'!D7
B27: Avg AR% | C27: ='MTD SUMMARY'!B4 | D27: ='MTD SUMMARY'!C4 | E27: ='MTD SUMMARY'!D4 | H27: Total Incentive | I27: ='MTD SUMMARY'!B8 | J27: ='MTD SUMMARY'!C8 | K27: ='MTD SUMMARY'!D8
B28: Avg FR% | C28: ='MTD SUMMARY'!B5 | D28: ='MTD SUMMARY'!C5 | E28: ='MTD SUMMARY'!D5 | H28: Total New Drivers | I28: ='MTD SUMMARY'!B9 | J28: ='MTD SUMMARY'!C9 | K28: ='MTD SUMMARY'!D9
B29: Avg Drivers/Day | C29: ='MTD SUMMARY'!B6 | D29: ='MTD SUMMARY'!C6 | E29: ='MTD SUMMARY'!D6 | H29: Avg SLA Breach% | I29: ='MTD SUMMARY'!B10 | J29: ='MTD SUMMARY'!C10 | K29: ='MTD SUMMARY'!D10

Sheet INPUT DATA
A2: INPUT DATA — DAILY OPS METRICS
A4: Date | B4: Orders Completed | C4: AR (%) | D4: FR (%) | E4: Drivers Online | F4: CPO (VND) | G4: Incentive Spend (VND) | H4: New Drivers | I4: SLA Breach (%) | J4: Driver Churn (%) | K4: Notes
A5: TARGET -> | C5: 85.0% | D5: 95.0% | F5: Budget | G5: Budget | I5: < 5.0% | J5: < 3.0%
A6: 46113
A7: 46114
A8: 46115
A9: 46116
A10: 46117
A11: 46118
A12: 46119
A13: 46120
A14: 46121
A15: 46122
A16: 46123
A17: 46124
... A35: 46142
A39: LEGEND: Green=Met Target | Red=Below Target | CPO: Green(low cost) -> Red(high cost)
A40: INPUT: AR% & FR% -> decimal (0.875=87.5%) | CPO & Incentive -> VND integer (e.g. 12500)

Sheet MTD SUMMARY
A2: MTD SUMMARY — AUTO AGGREGATION
A3: Metric | B3: MTD Actual | C3: MTD Target | D3: Achievement % | E3: Status
A4: Total Orders | B4: =SUMIF('INPUT DATA'!A6:A36,"<>",'INPUT DATA'!B6:B36) | C4: "" | D4: "--" | E4: "--"
A5: Avg Acceptance Rate | B5: =AVERAGEIF('INPUT DATA'!B6:B36,">0",'INPUT DATA'!C6:C36) | C5: =0.85 | D5: =IFERROR(B5/C5,"--") | E5: =IF(B5="","--",IF(B5>=C5,"ON TARGET","MISS"))
A6: Avg Fulfillment Rate | B6: =AVERAGEIF('INPUT DATA'!B6:B36,">0",'INPUT DATA'!D6:D36) | C6: =0.95 | D6: =IFERROR(B6/C6,"--") | E6: =IF(B6="","--",IF(B6>=C6,"ON TARGET","MISS"))
A7: Avg Drivers / Day | B7: =AVERAGEIF('INPUT DATA'!B6:B36,">0",'INPUT DATA'!E6:E36) | C7: "" | D7: "--" | E7: "--"
A8: Avg CPO (VND) | B8: =AVERAGEIF('INPUT DATA'!B6:B36,">0",'INPUT DATA'!F6:F36) | C8: "" | D8: "--" | E8: "--"
A9: Total Incentive (VND) | B9: =SUMIF('INPUT DATA'!A6:A36,"<>",'INPUT DATA'!G6:G36) | C9: "" | D9: "--" | E9: "--"
A10: Total New Drivers | B10: =SUMIF('INPUT DATA'!A6:A36,"<>",'INPUT DATA'!H6:H36) | C10: "" | D10: "--" | E10: "--"
A11: Avg SLA Breach Rate | B11: =AVERAGEIF('INPUT DATA'!B6:B36,">0",'INPUT DATA'!I6:I36) | C11: =0.05 | D11: =IFERROR(B11/C11,"--") | E11: =IF(B11="","--",IF(B11<=C11,"ON TARGET","MISS"))
A12: Avg Driver Churn | B12: =AVERAGEIF('INPUT DATA'!B6:B36,">0",'INPUT DATA'!J6:J36) | C12: =0.03 | D12: =IFERROR(B12/C12,"--") | E12: =IF(B12="","--",IF(B12<=C12,"ON TARGET","MISS"))
A13: Days with Data | B13: =COUNTIF('INPUT DATA'!B6:B36,">0") | C13: "" | D13: "--" | E13: "--"
A16: MONTH PROGRESS
A17: Days in Month | B17: =DAY(EOMONTH(TODAY(),0))
A18: Days with Data | B18: =COUNTIF('INPUT DATA'!B6:B36,">0")
A19: Month Progress % | B19: =IFERROR(B18/B17,0)

Sheet GUIDE
B2: HUONG DAN SU DUNG — DAILY OPS REPORT
B3: BUOC SU DUNG
B4: 1. Nhap du lieu | C4: Mo sheet [INPUT DATA] -> dien so lieu vao cot B-J theo tung ngay trong thang
B5: 2. AR & FR | C5: Nhap dang thap phan: 87.5% -> nhap 0.875 | 94% -> nhap 0.94
B6: 3. CPO & Incentive | C6: Nhap don vi VND: CPO 12,500 -> nhap 12500 | Incentive 50tr -> nhap 50000000
B7: 4. Dashboard | C7: Sheet [DAILY DASHBOARD] tu cap nhat KPI cards + 7-day trend sau khi nhap data
B8: 5. MTD Check | C8: Sheet [MTD SUMMARY] tong hop thang hien tai - xem ON TARGET / MISS
B9: METRICS GLOSSARY
B10: AR (Acceptance Rate) | C10: Ty le tai xe chap nhan don / tong don gui den tai xe. Target: >= 85%
B11: FR (Fulfillment Rate) | C11: Ty le don hoan thanh / tong don duoc nhan. Target: >= 95%
B12: Drivers Online | C12: So tai xe online trung binh trong ngay (nen lay gio cao diem 11h hoac 19h)
B13: CPO | C13: Cost Per Order = Tong Incentive chi ra / So don hoan thanh trong ngay
B14: Incentive Spend | C14: Tong chi phi incentive trong ngay (VND). MTD = kiem soat ngan sach thang
B15: New Drivers | C15: So tai xe moi hoan thanh onboarding & chay don dau tien trong ngay
B16: SLA Breach % | C16: % don giao tre qua SLA cam ket voi merchant. Target: < 5%
B17: Driver Churn % | C17: % tai xe active thang truoc khong con hoat dong thang nay. Target: < 3%
B18: CONDITIONAL FORMAT
B19: Green (AR, FR) | C19: >= Target - dat chuan van hanh
B20: Red (AR, FR) | C20: < Target - can review & action ngay
B21: CPO Heat-map | C21: Xanh=CPO thap (tot) -> Vang=trung binh -> Do=CPO cao (can kiem soat)
B22: Green (SLA, Churn) | C22: <= Target - duoi nguong canh bao
B23: Red (SLA, Churn) | C23: >Target - vuot nguong, can phan tich root cause
